<?xml version="1.0" encoding="UTF-8"?>
<?xml-stylesheet type="text/xsl" href="file:///usr/local/optical/swarp/share/swarp/swarp.xsl"?>
<VOTABLE xmlns:xsi="http://www.w3.org/2001/XMLSchema-instance" xsi:noNamespaceSchemaLocation="http://www.ivoa.net/xml/VOTable/v1.1">
<DESCRIPTION>produced by SWarp</DESCRIPTION>
<!-- VOTable description at http://www.ivoa.net/Documents/latest/VOT.html -->
<RESOURCE ID="SWarp" name="coadd.fits">
 <DESCRIPTION>Data related to SWarp</DESCRIPTION>
 <INFO name="QUERY_STATUS" value="OK" />
 <COOSYS ID="J2000" equinox="J2000" epoch="J2000" system="ICRS"/>
 <RESOURCE ID="MetaData" name="MetaData">
  <DESCRIPTION>SWarp meta-data</DESCRIPTION>
  <INFO name="QUERY_STATUS" value="OK" />
  <PARAM name="Software" datatype="char" arraysize="*" ucd="meta.title;meta.software" value="SWarp"/>
  <PARAM name="Version" datatype="char" arraysize="*" ucd="meta.version;meta.software" value="2.19.1"/>
  <PARAM name="Soft_URL" datatype="char" arraysize="*" ucd="meta.ref.url;meta.software" value="http://astromatic.iap.fr/software/swarp/"/>
  <PARAM name="Soft_Auth" datatype="char" arraysize="*" ucd="meta.bib.author;meta.software" value="Emmanuel Bertin"/>
  <PARAM name="Soft_Ref" datatype="char" arraysize="*" ucd="meta.bib.bibcode;meta.software" value="2002ASPC..281..228B"/>
  <PARAM name="NThreads" datatype="int" ucd="meta.number;meta.software" value="32"/>
  <PARAM name="Date" datatype="char" arraysize="*" ucd="time.event.end;meta.software" value="2018-11-12"/>
  <PARAM name="Time" datatype="char" arraysize="*" ucd="time.event.end;meta.software" value="14:27:20"/>
  <PARAM name="Duration" datatype="float" ucd="time.event;meta.software" value="0" unit="s"/>
  <PARAM name="User" datatype="char" arraysize="*" ucd="meta.curation" value="kde"/>
  <PARAM name="Host" datatype="char" arraysize="*" ucd="meta.curation" value="gayatri"/>
  <PARAM name="Path" datatype="char" arraysize="*" ucd="meta.dataset" value="/data/kde/Projects/GROWTH_winterschool/image_reduction_files/reduced"/>
  <PARAM name="Image_Name" datatype="char" arraysize="*" ucd="obs.image;meta.fits" value="coadd.fits"/>
  <PARAM name="Weight_Name" datatype="char" arraysize="*" ucd="obs.image;meta.fits" value="coadd.weight.fits"/>

  <!-- !!!!!!!!!!!!!!!!!!!!!!!!!!!!!!!!!!!!!!!!!!!!!!!!!!!!!!!!!!!!! -->
  <!-- !!!!!!!!!!!!!!!!!!!!!! an Error occured !!!!!!!!!!!!!!!!!!!!! -->
  <!-- !!!!!!!!!!!!!!!!!!!!!!!!!!!!!!!!!!!!!!!!!!!!!!!!!!!!!!!!!!!!! -->
  <PARAM name="Error_Msg" datatype="char" arraysize="*" ucd="meta" value="*Error*: image_reduction_files/reduced/C0_20181013-174714-557.wcs.fits.proc.fits not found"/>
  <!-- !!!!!!!!!!!!!!!!!!!!!!!!!!!!!!!!!!!!!!!!!!!!!!!!!!!!!!!!!!!!! -->
  <!-- !!!!!!!!!!!!!!!!!!!!!!!!!!!!!!!!!!!!!!!!!!!!!!!!!!!!!!!!!!!!! -->

  <TABLE ID="Input_Image_Data" name="Input_Image_Data">
   <DESCRIPTION>Data gathered by SWarp for every FITS input image</DESCRIPTION>
   <!-- NFrames may be 0 if an error occurred early in the processing -->
   <PARAM name="NFrames" datatype="int" ucd="meta.number;meta.dataset" value="0"/>
   <!-- CurrFrame may differ from NFrames if an error occurred -->
   <PARAM name="CurrFrame" datatype="int" ucd="meta.number;meta.dataset" value="0"/>
   <FIELD name="Frame_Index" datatype="int" ucd="meta.record"/>
   <FIELD name="Image_Name" datatype="char" arraysize="*" ucd="obs.image;meta.fits"/>
   <FIELD name="Weight_Name" datatype="char" arraysize="*" ucd="obs.image;meta.fits"/>
   <FIELD name="External_Header" datatype="boolean" ucd="meta.code;obs.param"/>
   <FIELD name="Image_Ident" datatype="char" arraysize="*" ucd="meta.id;obs"/>
   <FIELD name="Extension" datatype="int" ucd="meta.record"/>
   <FIELD name="Date" datatype="char" arraysize="*" ucd="meta.record;time.event.end"/>
   <FIELD name="Time" datatype="char" arraysize="*" ucd="meta.record;time.event.end"/>
   <FIELD name="Duration" datatype="float" ucd="meta.record;time.event.end" unit="s"/>
   <FIELD name="Background_Mean" datatype="float" ucd="instr.skyLevel;obs.image;stat.median" unit="adu"/>
   <FIELD name="Background_StDev" datatype="float" ucd="stat.stdev;obs.image;stat.median" unit="adu"/>
   <FIELD name="Subtract_Back" datatype="boolean" ucd="meta.code;obs.param"/>
   <FIELD name="Back_Type" datatype="char" arraysize="*" ucd="meta.code;obs.param"/>
   <FIELD name="Back_Size" datatype="int" ucd="obs.param" unit="pix"/>
   <FIELD name="Back_FilterSize" datatype="int" ucd="obs.param" unit="pix"/>
   <FIELD name="Back_Default" datatype="float" ucd="obs.param" unit="adu"/>
   <FIELD name="Weight_Type" datatype="char" arraysize="*" ucd="stat.weight;meta.code"/>
   <FIELD name="Weight_Thresh" datatype="float" ucd="instr.sensitivity;obs.param" unit="adu"/>
   <FIELD name="Weight_Scaling" datatype="float" ucd="arith.factor;obs.image;stat.median"/>
   <FIELD name="Interpolate" datatype="boolean" ucd="meta.code;obs.param"/>
   <FIELD name="Gain" datatype="float" ucd="instr.calib;obs.image" unit="photon/adu"/>
   <FIELD name="Saturation" datatype="float" ucd="instr.calib;obs.image" unit="adu"/>
   <FIELD name="ExpTime" datatype="float" ucd="time.expo;obs.image" unit="s"/>
   <FIELD name="Photometric_Flux_Scaling" datatype="float" ucd="phot.calib;obs.image"/>
   <FIELD name="Astrometric_Flux_Scaling" datatype="float" ucd="phot.calib;obs.image"/>
   <FIELD name="Field_Coordinates" datatype="double" arraysize="2" ucd="pos.eq;obs.image" unit="deg"/>
   <FIELD name="Pixel_Scale" datatype="float" ucd="instr.pixel;obs.image;stat.mean" unit="arcsec"/>
   <FIELD name="Equinox" datatype="double" ucd="time.equinox;obs" unit="yr"/>
   <FIELD name="Epoch" datatype="double" ucd="time.epoch;obs" unit="yr"/>
   <FIELD name="COOSYS" datatype="char" arraysize="*" ucd="meta.code;pos"/>
   <DATA><TABLEDATA>
   </TABLEDATA></DATA>
  </TABLE>
  <TABLE ID="Warnings" name="Warnings">
   <DESCRIPTION>SWarp warnings (limited to the last 1000)</DESCRIPTION>
   <FIELD name="Date" datatype="char" arraysize="*" ucd="meta;time.event.end"/>
   <FIELD name="Time" datatype="char" arraysize="*" ucd="meta;time.event.end"/>
   <FIELD name="Msg" datatype="char" arraysize="*" ucd="meta"/>
   <DATA><TABLEDATA>
    <TR><TD>2018-11-12</TD><TD>14:27:20</TD><TD>stack.swarp not found, using internal defaults</TD></TR>
   </TABLEDATA></DATA>
  </TABLE>
  <RESOURCE ID="Config" name="Config">
   <DESCRIPTION>SWarp configuration</DESCRIPTION>
   <PARAM name="Command_Line" datatype="char" arraysize="*" ucd="obs.param" value="swarp -c stack.swarp image_reduction_files/reduced/C0_20181013-174714-557.wcs.fits.proc.fits"/>
   <PARAM name="Prefs_Name" datatype="char" arraysize="*" ucd="obs.param;meta.file" value="stack.swarp"/>
  </RESOURCE>
 </RESOURCE>
</RESOURCE>
</VOTABLE>
